<DOMDocument xmlns:xsi="http://www.w3.org/2001/XMLSchema-instance" xmlns="http://ns.adobe.com/xfl/2008/" backgroundColor="#000000" currentTimeline="1" xflVersion="2.6" creatorInfo="Adobe Flash Professional CC" platform="Windows" versionInfo="Saved by Adobe Flash Windows 15.0 build 179" majorVersion="15" buildNumber="179" nextSceneIdentifier="2" playOptionsPlayLoop="false" playOptionsPlayPages="false" playOptionsPlayFrameActions="false" filetypeGUID="DD0DDBBF-5BEF-45B2-9F24-A3048D2A676F">
     <symbols>
          <Include href="Ball.xml" itemID="563c70b7-0000001c" lastModified="1449580471"/>
          <Include href="paddle.xml" itemID="563c7185-00000023" lastModified="1449580539"/>
     </symbols>
     <timelines>
          <DOMTimeline name="Scene 1">
               <layers>
                    <DOMLayer name="Layer 1" color="#4F80FF" current="true" isSelected="true">
                         <frames>
                              <DOMFrame index="0" keyMode="9728">
                                   <elements>
                                        <DOMSymbolInstance libraryItemName="Ball">
                                             <matrix>
                                                  <Matrix tx="274.95" ty="199.95"/>
                                             </matrix>
                                             <transformationPoint>
                                                  <Point/>
                                             </transformationPoint>
                                        </DOMSymbolInstance>
                                        <DOMSymbolInstance libraryItemName="paddle">
                                             <matrix>
                                                  <Matrix tx="332.45" ty="204"/>
                                             </matrix>
                                             <transformationPoint>
                                                  <Point/>
                                             </transformationPoint>
                                        </DOMSymbolInstance>
                                   </elements>
                              </DOMFrame>
                         </frames>
                    </DOMLayer>
               </layers>
          </DOMTimeline>
     </timelines>
     <PrinterSettings/>
     <publishHistory>
          <PublishItem publishSize="1909" publishTime="1449580560"/>
          <PublishItem publishSize="1035" publishTime="1449580410"/>
          <PublishItem publishSize="679" publishTime="1446802373"/>
     </publishHistory>
</DOMDocument>