<flash_profiles>
<flash_profile version="1.0" name="Default" current="true">
  <PublishFormatProperties enabled="true">
    <defaultNames>0</defaultNames>
    <flash>0</flash>
    <projectorWin>0</projectorWin>
    <projectorMac>0</projectorMac>
    <html>0</html>
    <gif>0</gif>
    <jpeg>0</jpeg>
    <png>0</png>
    <swc>1</swc>
    <flashDefaultName>1</flashDefaultName>
    <projectorWinDefaultName>1</projectorWinDefaultName>
    <projectorMacDefaultName>1</projectorMacDefaultName>
    <htmlDefaultName>1</htmlDefaultName>
    <gifDefaultName>1</gifDefaultName>
    <jpegDefaultName>1</jpegDefaultName>
    <pngDefaultName>1</pngDefaultName>
    <swcDefaultName>0</swcDefaultName>
    <flashFileName>assets.swf</flashFileName>
    <projectorWinFileName>assets.exe</projectorWinFileName>
    <projectorMacFileName>assets.app</projectorMacFileName>
    <htmlFileName>assets.html</htmlFileName>
    <gifFileName>assets.gif</gifFileName>
    <jpegFileName>assets.jpg</jpegFileName>
    <pngFileName>assets.png</pngFileName>
    <swcFileName>./Assets.swc</swcFileName>
    <publishFormat id="BBC1F406-65F2-4219-9304-FA48C7549E44">0</publishFormat>
  </PublishFormatProperties>
  <PublishHtmlProperties enabled="true">
    <VersionDetectionIfAvailable>0</VersionDetectionIfAvailable>
    <VersionInfo>17,0,0,0;16,0,0,0;14,0,0,0;13,0,0,0;12,0,0,0;11,9,0,0;11,8,0,0;11,7,0,0;11,6,0,0;11,5,0,0;11,4,0,0;11,3,0,0;11,2,0,0;11,1,0,0;10,3,0,0;10,2,153,0;10,1,52,0;9,0,124,0;8,0,24,0;7,0,14,0;6,0,79,0;5,0,58,0;4,0,32,0;3,0,8,0;2,0,1,12;1,0,0,1;</VersionInfo>
    <UsingDefaultContentFilename>1</UsingDefaultContentFilename>
    <UsingDefaultAlternateFilename>1</UsingDefaultAlternateFilename>
    <ContentFilename>assets_content.html</ContentFilename>
    <AlternateFilename>assets_alternate.html</AlternateFilename>
    <UsingOwnAlternateFile>0</UsingOwnAlternateFile>
    <OwnAlternateFilename></OwnAlternateFilename>
    <Width>550</Width>
    <Height>400</Height>
    <Align>0</Align>
    <Units>0</Units>
    <Loop>1</Loop>
    <StartPaused>0</StartPaused>
    <Scale>0</Scale>
    <HorizontalAlignment>1</HorizontalAlignment>
    <VerticalAlignment>1</VerticalAlignment>
    <Quality>4</Quality>
    <DeblockingFilter>0</DeblockingFilter>
    <WindowMode>0</WindowMode>
    <DisplayMenu>1</DisplayMenu>
    <DeviceFont>0</DeviceFont>
    <TemplateFileName>C:\Users\romano\AppData\Local\Adobe\Flash CC 2015\nl_NL\Configuration\HTML\Default.html</TemplateFileName>
    <showTagWarnMsg>1</showTagWarnMsg>
  </PublishHtmlProperties>
  <PublishFlashProperties enabled="true">
    <TopDown></TopDown>
    <FireFox></FireFox>
    <Report>0</Report>
    <Protect>0</Protect>
    <OmitTraceActions>0</OmitTraceActions>
    <Quality>80</Quality>
    <DeblockingFilter>0</DeblockingFilter>
    <StreamFormat>0</StreamFormat>
    <StreamCompress>7</StreamCompress>
    <EventFormat>0</EventFormat>
    <EventCompress>7</EventCompress>
    <OverrideSounds>0</OverrideSounds>
    <Version>25</Version>
    <ExternalPlayer>FlashPlayer14.0</ExternalPlayer>
    <ActionScriptVersion>3</ActionScriptVersion>
    <PackageExportFrame>1</PackageExportFrame>
    <PackagePaths></PackagePaths>
    <AS3PackagePaths>.</AS3PackagePaths>
    <AS3ConfigConst>CONFIG::FLASH_AUTHORING=&quot;true&quot;;</AS3ConfigConst>
    <DebuggingPermitted>0</DebuggingPermitted>
    <DebuggingPassword></DebuggingPassword>
    <CompressMovie>1</CompressMovie>
    <CompressionType>0</CompressionType>
    <InvisibleLayer>1</InvisibleLayer>
    <DeviceSound>0</DeviceSound>
    <StreamUse8kSampleRate>0</StreamUse8kSampleRate>
    <EventUse8kSampleRate>0</EventUse8kSampleRate>
    <UseNetwork>0</UseNetwork>
    <DocumentClass></DocumentClass>
    <AS3Strict>2</AS3Strict>
    <AS3Coach>4</AS3Coach>
    <AS3AutoDeclare>4096</AS3AutoDeclare>
    <AS3Dialect>AS3</AS3Dialect>
    <AS3ExportFrame>1</AS3ExportFrame>
    <AS3Optimize>1</AS3Optimize>
    <ExportSwc>1</ExportSwc>
    <ScriptStuckDelay>15</ScriptStuckDelay>
    <IncludeXMP>1</IncludeXMP>
    <HardwareAcceleration>0</HardwareAcceleration>
    <AS3Flags>4102</AS3Flags>
    <DefaultLibraryLinkage>rsl</DefaultLibraryLinkage>
    <RSLPreloaderMethod>wrap</RSLPreloaderMethod>
    <RSLPreloaderSWF>$(AppConfig)/ActionScript 3.0/rsls/loader_animation.swf</RSLPreloaderSWF>
    <LibraryPath>
      <library-path-entry>
        <swc-path>$(AppConfig)/ActionScript 3.0/libs</swc-path>
        <linkage>merge</linkage>
      </library-path-entry>
    </LibraryPath>
    <LibraryVersions>
    </LibraryVersions>
    <EnableTelemetry>0</EnableTelemetry>
    <TelemetryPassword></TelemetryPassword>
  </PublishFlashProperties>
  <PublishJpegProperties enabled="true">
    <Width>550</Width>
    <Height>400</Height>
    <Progressive>0</Progressive>
    <DPI>4718592</DPI>
    <Size>0</Size>
    <Quality>80</Quality>
    <MatchMovieDim>1</MatchMovieDim>
  </PublishJpegProperties>
  <PublishGifProperties enabled="true">
    <Width>550</Width>
    <Height>400</Height>
    <Animated>0</Animated>
    <MatchMovieDim>1</MatchMovieDim>
    <Loop>1</Loop>
    <LoopCount>0</LoopCount>
    <Smooth>1</Smooth>
    <MaxColors>255</MaxColors>
  </PublishGifProperties>
  <PublishPNGProperties enabled="true">
    <MatchMovieDim>1</MatchMovieDim>
    <Smooth>1</Smooth>
    <BitDepth>24-bit with Alpha</BitDepth>
    <MaxColors>255</MaxColors>
  </PublishPNGProperties>
  <PublishProperties id="BBC1F406-65F2-4219-9304-FA48C7549E44" name="SVG Image" enabled="true">
    <Property name="copy">true</Property>
    <Property name="default">true</Property>
    <Property name="embed">false</Property>
    <Property name="filename">assets.svg</Property>
    <Property name="imagesPath">images</Property>
    <Property name="includeHiddenLayers">true</Property>
    <Property name="version">0.1</Property>
  </PublishProperties>
</flash_profile>
</flash_profiles>