<DOMSymbolItem xmlns:xsi="http://www.w3.org/2001/XMLSchema-instance" xmlns="http://ns.adobe.com/xfl/2008/" name="paddle" itemID="563c7185-00000023" linkageExportForAS="true" linkageClassName="PaddleArt" lastModified="1449580539">
  <timeline>
    <DOMTimeline name="paddle">
      <layers>
        <DOMLayer name="Layer 1" color="#4F80FF" current="true" isSelected="true">
          <frames>
            <DOMFrame index="0" keyMode="9728">
              <elements>
                <DOMShape>
                  <fills>
                    <FillStyle index="1">
                      <SolidColor color="#CCCCCC"/>
                    </FillStyle>
                    <FillStyle index="2">
                      <SolidColor color="#FFFFFF"/>
                    </FillStyle>
                    <FillStyle index="3">
                      <SolidColor/>
                    </FillStyle>
                  </fills>
                  <strokes>
                    <StrokeStyle index="1">
                      <SolidStroke scaleMode="normal">
                        <fill>
                          <SolidColor color="#FFFFFF"/>
                        </fill>
                      </SolidStroke>
                    </StrokeStyle>
                    <StrokeStyle index="2">
                      <SolidStroke scaleMode="normal">
                        <fill>
                          <SolidColor color="#0000FF"/>
                        </fill>
                      </SolidStroke>
                    </StrokeStyle>
                  </strokes>
                  <edges>
                    <Edge fillStyle0="2" fillStyle1="3" strokeStyle="2" edges="!91 -732[91 -720 82 -711!82 -711[73 -702 61 -702!61 -702[49 -702 40 -711!40 -711[31 -720 31 -732!31 -732[31 -744 40 -753!40 -753[49 -762 61 -762!61 -762[73 -762 82 -753!82 -753[91 -744 91 -732"/>
                    <Edge fillStyle0="1" fillStyle1="2" edges="!105 -790[105 -788 105 -786!105 -786|105 -380.5"/>
                    <Edge fillStyle1="2" strokeStyle="1" edges="!-100 -790|100 -790!100 -790[103 -790 105 -790"/>
                    <Edge fillStyle1="1" strokeStyle="1" edges="!105 -790[180 -787 180 -710!180 -710|180 -50.5"/>
                    <Edge fillStyle1="3" strokeStyle="1" edges="!180 -50.5|180 -49.5"/>
                    <Edge fillStyle1="1" strokeStyle="1" edges="!180 -49.5|180 255"/>
                    <Edge fillStyle1="3" strokeStyle="1" edges="!180 255|180 263"/>
                    <Edge fillStyle1="1" strokeStyle="1" edges="!180 263|180 710!180 710[180 790 100 790!100 790|-100 790!-100 790[-178 790 -180 714"/>
                    <Edge fillStyle1="2" strokeStyle="1" edges="!-180 714[-180 712 -180 710!-180 710|-180 -67.5"/>
                    <Edge fillStyle1="3" strokeStyle="1" edges="!-180 -67.5|-180 -70.5"/>
                    <Edge fillStyle1="2" strokeStyle="1" edges="!-180 -70.5|-180 -710!-180 -710[-180 -790 -100 -790"/>
                    <Edge fillStyle0="1" fillStyle1="3" strokeStyle="2" edges="!145 -554[145 -513 141 -485!141 -485[138 -456 133 -456!133 -456[128 -456 124 -485!124 -485[121 -513 121 -554!121 -554[121 -595 124 -624!124 -624[128 -652 133 -652!133 -652[138 -652 141 -624!141 -624[145 -595 145 -554"/>
                    <Edge fillStyle0="2" fillStyle1="3" strokeStyle="2" edges="!26 -604[26 -563 4 -534!4 -534[-17 -504 -48 -504!-48 -504[-79 -504 -101 -534!-101 -534[-122 -563 -122 -604!-122 -604[-122 -645 -101 -675!-101 -675[-79 -704 -48 -704!-48 -704[-17 -704 4 -675!4 -675[26 -645 26 -604!59 -437[59 -423 31 -413
!31 -413[3 -403 -36 -403!-36 -403[-75 -403 -103 -413!-103 -413[-131 -423 -131 -437!-131 -437[-131 -451 -103 -461!-103 -461[-75 -471 -36 -471!-36 -471[3 -471 31 -461!31 -461[59 -451 59 -437"/>
                    <Edge fillStyle0="1" fillStyle1="3" strokeStyle="2" edges="
!125 -269[125 -222 118 -189!118 -189[#70.72 -162.8125 105 -157.5"/>
                    <Edge fillStyle0="2" fillStyle1="3" strokeStyle="2" edges="
!105 -157.5[#67.11 -156 101 -156!101 -156[91 -156 84 -189!84 -189[77 -222 77 -269!77 -269[77 -316 84 -349!84 -349[91 -382 101 -382!101 -382[#67.11 -382 105 -380.5"/>
                    <Edge fillStyle0="1" fillStyle1="3" strokeStyle="2" edges="
!105 -380.5[#70.72 -375.1875 118 -349!118 -349[125 -316 125 -269"/>
                    <Edge fillStyle0="2" fillStyle1="3" strokeStyle="2" edges="
!48 -311[48 -290 33 -275!33 -275[18 -260 -3 -260!-3 -260[-24 -260 -39 -275!-39 -275[-54 -290 -54 -311!-54 -311[-54 -332 -39 -347!-39 -347[-24 -362 -3 -362!-3 -362[18 -362 33 -347!33 -347[48 -332 48 -311"/>
                    <Edge fillStyle0="1" fillStyle1="3" strokeStyle="2" edges="
!180 -49.5[#B3.BC -34.828125 163 -24!163 -24[147 -13 123 -13!123 -13[#71.72 -13 105 -14.5"/>
                    <Edge fillStyle0="2" fillStyle1="3" strokeStyle="2" edges="
!105 -14.5[#5C.3C #FFFFEE.9F 82 -24!82 -24[66 -35 66 -50!66 -50[66 -65 82 -76!82 -76[#5C.3C #FFFFAD.61 105 -85"/>
                    <Edge fillStyle0="1" fillStyle1="3" strokeStyle="2" edges="
!105 -85[#71.72 -87 123 -87!123 -87[147 -87 163 -76!163 -76[#B3.BC -65.171875 180 -50.5"/>
                    <Edge fillStyle0="1" fillStyle1="2" edges="
!105 -157.5|105 -85"/>
                    <Edge fillStyle0="2" fillStyle1="3" strokeStyle="2" edges="
!-38 96.5[-43 #32.82 -43 -7!-43 -7[-43 -91 -32 -151!-32 -151[-20 -210 -3 -210!-3 -210[14 -210 25 -151!25 -151[37 -91 37 -7!37 -7[37 #32.94 31.5 96.5!-59 -235[-59 -216 -73 -202!-73 -202[-87 -188 -106 -188!-106 -188[-125 -188 -139 -202
!-139 -202[-153 -216 -153 -235!-153 -235[-153 -254 -139 -268!-139 -268[-125 -282 -106 -282!-106 -282[-87 -282 -73 -268!-73 -268[-59 -254 -59 -235!-180 -70.5[-179.5 -95.59375 -164 -114!-164 -114[-148 -132 -126 -132!-126 -132[-104 -132
 -88 -114!-88 -114[-72 -95 -72 -69!-72 -69[-72 -43 -88 -25!-88 -25[-104 -6 -126 -6!-126 -6[-148 -6 -164 -25!-164 -25[-179.5 -42.4375 -180 -67.5!-75 72[-75 82 -88 89!-88 89[-100 97 -118 97!-118 97[-136 97 -149 89!-149 89[-161 82 -161 72
!-161 72[-161 62 -149 54!-149 54[-136 47 -118 47!-118 47[-100 47 -88 54!-88 54[-75 62 -75 72"/>
                    <Edge fillStyle0="3" fillStyle1="3" strokeStyle="2" edges="
!-38 96.5[#FFFFE9.A3 73 -3 73!-3 73[#10.69 73 31.5 96.5"/>
                    <Edge fillStyle0="2" fillStyle1="3" strokeStyle="2" edges="
!31.5 96.5[#24.7 #68.5B 41 115!41 115[60 158 60 218!60 218[60 278 41 320!41 320[23 363 -3 363!-3 363[-29 363 -48 320!-48 320[-66 278 -66 218!-66 218[-66 158 -48 115!-48 115[#FFFFD4.D9 #68.48 -38 96.5!-91 227[-91 264 -101 290!-101 290
[-111 317 -125 317!-125 317[-139 317 -149 290!-149 290[-159 264 -159 227!-159 227[-159 190 -149 163!-149 163[-139 137 -125 137!-125 137[-111 137 -101 163!-101 163[-91 190 -91 227!-53 379[-53 387 -66 393!-66 393[-79 399 -98 399!-98 399
[-117 399 -130 393!-130 393[-143 387 -143 379!-143 379[-143 371 -130 365!-130 365[-117 359 -98 359!-98 359[-79 359 -66 365!-66 365[-53 371 -53 379!-72 514[-72 542 -82 561!-82 561[-92 581 -106 581!-106 581[-120 581 -130 561!-130 561[-140
 542 -140 514!-140 514[-140 486 -130 466!-130 466[-120 447 -106 447!-106 447[-92 447 -82 466!-82 466[-72 486 -72 514!-6 547[-6 558 -11 566!-11 566[-16 574 -23 574!-23 574[-30 574 -35 566!-35 566[-40 558 -40 547!-40 547[-40 536 -35 528
!-35 528[-30 520 -23 520!-23 520[-16 520 -11 528!-11 528[-6 536 -6 547!-38 662[-38 684 -53 699!-53 699[-67.53125 #2C9.88 -88.5 714"/>
                    <Edge fillStyle0="1" fillStyle1="3" strokeStyle="2" edges="
!-88.5 714|-91.5 714"/>
                    <Edge fillStyle0="2" fillStyle1="3" strokeStyle="2" edges="
!-91.5 714[-112.46875 #2C9.88 -127 699!-127 699[-142 684 -142 662!-142 662[-142 640 -127 625!-127 625[-112 610 -90 610!-90 610[-68 610 -53 625!-53 625[-38 640 -38 662"/>
                    <Edge fillStyle0="1" fillStyle1="2" edges="
!-91.5 714|-175 714!-175 714[-178 714 -180 714"/>
                    <Edge fillStyle0="1" fillStyle1="3" strokeStyle="2" edges="
!125 723[125 739 104 750!104 750[83 762 54 762!54 762[25 762 4 750!4 750[-17 739 -17 723!-17 723[-17 #2CE.54 -15 714"/>
                    <Edge fillStyle0="2" fillStyle1="3" strokeStyle="2" edges="
!-15 714[#FFFFF5.21 #2BF.7F 4 695!4 695[25 684 54 684!54 684[#49.8A 684 89.5 689"/>
                    <Edge fillStyle0="1" fillStyle1="3" strokeStyle="2" edges="
!89.5 689[#61.26 #2B3.69 104 695!104 695[125 707 125 723"/>
                    <Edge fillStyle0="1" fillStyle1="2" edges="
!-15 714|-88.5 714"/>
                    <Edge fillStyle0="1" fillStyle1="3" strokeStyle="2" edges="
!161 77[161 101 147 118!147 118[134 135 115 135!115 135[#6D.D 135 105 133.5"/>
                    <Edge fillStyle0="2" fillStyle1="3" strokeStyle="2" edges="
!105 133.5[#5C.2E #82.5C 82 118!82 118[69 101 69 77!69 77[69 53 82 36!82 36[#5C.2E #17.A4 105 20.5"/>
                    <Edge fillStyle0="1" fillStyle1="3" strokeStyle="2" edges="
!105 20.5[#6D.D 19 115 19!115 19[134 19 147 36!147 36[161 53 161 77"/>
                    <Edge fillStyle0="1" fillStyle1="2" edges="
!105 133.5|105 182.5"/>
                    <Edge fillStyle0="1" fillStyle1="3" strokeStyle="2" edges="
!180 263[#B2.F #125.7 163 315!163 315[147 339 123 339!123 339[#71.72 339 105 335"/>
                    <Edge fillStyle0="2" fillStyle1="3" strokeStyle="2" edges="
!105 335[#5C.3C #149.72 82 315!82 315[66 292 66 259!66 259[66 226 82 202!82 202[#5C.3C #BC.28 105 182.5"/>
                    <Edge fillStyle0="1" fillStyle1="3" strokeStyle="2" edges="
!105 182.5[#71.72 179 123 179!123 179[147 179 163 202!163 202[#B2.F 224.5 180 255!150 443[150 463 126 477!126 477[#74.6 #1E2.DC 105 486.5"/>
                    <Edge fillStyle0="2" fillStyle1="3" strokeStyle="2" edges="
!105 486.5[#59.31 491 70 491!70 491[37 491 13 477!13 477[-10 463 -10 443!-10 443[-10 423 13 409!13 409[37 395 70 395!70 395[#59.31 395 105 399.5"/>
                    <Edge fillStyle0="1" fillStyle1="3" strokeStyle="2" edges="
!105 399.5[#74.6 #193.24 126 409!126 409[150 423 150 443"/>
                    <Edge fillStyle0="1" fillStyle1="2" edges="
!105 335|105 399.5"/>
                    <Edge fillStyle0="1" fillStyle1="3" strokeStyle="2" edges="
!165 611[165 626 160 637!160 637[156 648 149 648!149 648[142 648 137 637!137 637[133 626 133 611!133 611[133 596 137 585!137 585[142 574 149 574!149 574[156 574 160 585!160 585[165 596 165 611!105 572|105 578"/>
                    <Edge fillStyle0="2" fillStyle1="3" strokeStyle="2" edges="
!105 578[#68.5 #258.1 94 616!94 616[84 634 69 634!69 634[54 634 43 616!43 616[33 599 33 575!33 575[33 551 43 533!43 533[54 516 69 516!69 516[84 516 94 533!94 533[#68.5 #225.E 105 572"/>
                    <Edge fillStyle0="1" fillStyle1="2" edges="
!105 578|105 634!105 634[105 #29D.46 89.5 689!105 486.5|105 572!105 -14.5|105 20.5"/>
                  </edges>
                </DOMShape>
              </elements>
            </DOMFrame>
          </frames>
        </DOMLayer>
      </layers>
    </DOMTimeline>
  </timeline>
</DOMSymbolItem>